{
    "version": "1.4",
    "lastModified": "Mon Apr 29 15:29:12 EDT 2019",
    "services": [{
        "name": "ConfSvc",
        "address": "\/web\/pdo\/ConfSvc",
        "useRequest": true,
        "resources": [{
            "name": "Talks",
            "path": "\/Talks",
            "autoSave": false,
            "schema": {
                "type": "object",
                "additionalProperties": false,
                "properties": {"dsTalk": {
                    "type": "object",
                    "additionalProperties": false,
                    "properties": {
                        "ttTalk": {
                            "type": "array",
                            "items": {
                                "additionalProperties": false,
                                "properties": {
                                    "_id": {
                                        "type": "string",
                                        "semanticType": "Internal"
                                    },
                                    "_errorString": {
                                        "type": "string",
                                        "semanticType": "Internal"
                                    },
                                    "id": {
                                        "type": "string",
                                        "ablType": "CHARACTER",
                                        "default": "",
                                        "title": "id"
                                    },
                                    "name": {
                                        "type": "string",
                                        "ablType": "CHARACTER",
                                        "default": "",
                                        "title": "name"
                                    },
                                    "speaker": {
                                        "type": "string",
                                        "ablType": "CHARACTER",
                                        "default": "",
                                        "title": "speaker"
                                    },
                                    "abstract": {
                                        "type": "string",
                                        "ablType": "CHARACTER",
                                        "default": "",
                                        "title": "abstract"
                                    },
                                    "talk_status": {
                                        "type": "string",
                                        "ablType": "CHARACTER",
                                        "default": "",
                                        "title": "talk_status"
                                    },
                                    "content_url": {
                                        "type": "string",
                                        "ablType": "CHARACTER",
                                        "default": "",
                                        "title": "content_url",
                                        "semanticType": "URL"
                                    },
                                    "content_type": {
                                        "type": "string",
                                        "ablType": "CHARACTER",
                                        "default": "",
                                        "title": "content_type"
                                    },
                                    "ttTimeslot": {
                                        "type": "array",
                                        "items": {"$ref": "#\/properties\/dsTalk\/properties\/ttTimeslot"}
                                    }
                                }
                            }
                        },
                        "ttTimeslot": {
                            "type": "object",
                            "additionalProperties": false,
                            "properties": {
                                "_id": {
                                    "type": "string",
                                    "semanticType": "Internal"
                                },
                                "_errorString": {
                                    "type": "string",
                                    "semanticType": "Internal"
                                },
                                "id": {
                                    "type": "string",
                                    "ablType": "CHARACTER",
                                    "default": "",
                                    "title": "id"
                                },
                                "talk": {
                                    "type": "string",
                                    "ablType": "CHARACTER",
                                    "default": "",
                                    "title": "talk"
                                },
                                "room": {
                                    "type": "string",
                                    "ablType": "CHARACTER",
                                    "default": "",
                                    "title": "room"
                                },
                                "start_at": {
                                    "type": "string",
                                    "ablType": "DATETIME-TZ",
                                    "default": null,
                                    "title": "start_at",
                                    "format": "date-time"
                                },
                                "duration": {
                                    "type": "integer",
                                    "ablType": "INTEGER",
                                    "default": 0,
                                    "title": "duration"
                                }
                            }
                        }
                    }
                }}
            },
            "relations": [{
                "relationName": "ttTalk",
                "parentName": "ttTalk",
                "childName": "ttTimeslot",
                "relationFields": [{
                    "parentFieldName": "id",
                    "childFieldName": "talk"
                }]
            }],
            "operations": [
                {
                    "path": "",
                    "useBeforeImage": false,
                    "type": "create",
                    "verb": "post",
                    "params": [
                        {
                            "name": "dsTalk",
                            "type": "REQUEST_BODY"
                        },
                        {
                            "name": "dsTalk",
                            "type": "RESPONSE_BODY"
                        }
                    ]
                },
                {
                    "path": "?filter={filter}",
                    "useBeforeImage": false,
                    "type": "read",
                    "verb": "get",
                    "params": [
                        {
                            "name": "filter",
                            "type": "QUERY"
                        },
                        {
                            "name": "dsTalk",
                            "type": "RESPONSE_BODY"
                        }
                    ]
                },
                {
                    "name": "SubmitTalks",
                    "path": "\/SubmitTalks",
                    "useBeforeImage": true,
                    "type": "submit",
                    "verb": "put",
                    "params": [
                        {
                            "name": "dsTalk",
                            "type": "REQUEST_BODY"
                        },
                        {
                            "name": "dsTalk",
                            "type": "RESPONSE_BODY"
                        }
                    ]
                },
                {
                    "path": "",
                    "useBeforeImage": false,
                    "type": "update",
                    "verb": "put",
                    "params": [
                        {
                            "name": "dsTalk",
                            "type": "REQUEST_BODY"
                        },
                        {
                            "name": "dsTalk",
                            "type": "RESPONSE_BODY"
                        }
                    ]
                }
            ]
        }]
    }]
}